index,linkler
0,https://instagram.fsaw1-10.fna.fbcdn.net/v/t51.2885-15/sh0.08/e35/s640x640/49435463_246259366289537_750400105396723221_n.jpg?_nc_ht=instagram.fsaw1-10.fna.fbcdn.net&_nc_cat=105&oh=1c502417b75e46d79bc597df90e84390&oe=5E6FC48E
1,https://instagram.fsaw1-6.fna.fbcdn.net/v/t51.2885-15/sh0.08/e35/s640x640/43683040_2185084091712628_71473521517740589_n.jpg?_nc_ht=instagram.fsaw1-6.fna.fbcdn.net&_nc_cat=104&oh=f283f249e7212cf2d8e27cb1800d28ad&oe=5E6D4085
2,https://instagram.fsaw1-10.fna.fbcdn.net/v/t51.2885-15/sh0.08/e35/c0.81.650.650a/s640x640/49858193_2282710381960061_7880386424250274425_n.jpg?_nc_ht=instagram.fsaw1-10.fna.fbcdn.net&_nc_cat=105&oh=e2ce2ea65244f42f8e90288da730bc91&oe=5E8C1EFD
3,https://instagram.fsaw1-6.fna.fbcdn.net/v/t51.2885-15/sh0.08/e35/s640x640/45939338_1267744606699060_5589614081089435269_n.jpg?_nc_ht=instagram.fsaw1-6.fna.fbcdn.net&_nc_cat=104&oh=c6e0be9afd5ac9267a4be09401a5d6a8&oe=5E6DFCC9
4,https://instagram.fsaw1-10.fna.fbcdn.net/v/t51.2885-15/sh0.08/e35/c0.135.1080.1080a/s640x640/36958908_296105397600378_2809860101458886656_n.jpg?_nc_ht=instagram.fsaw1-10.fna.fbcdn.net&_nc_cat=106&oh=4f52668a626c9d0d6b64ff51bbcd80ff&oe=5E78666A
5,https://instagram.fsaw1-10.fna.fbcdn.net/v/t51.2885-15/e35/c0.49.396.396a/46760662_340263593474753_5896443345362478961_n.jpg?_nc_ht=instagram.fsaw1-10.fna.fbcdn.net&_nc_cat=105&oh=18587a594b6c4dc221b961fdba205902&oe=5E7C09FB
6,https://instagram.fsaw1-7.fna.fbcdn.net/v/t51.2885-15/sh0.08/e35/c0.26.652.652a/s640x640/45684466_1214854125334267_4762538441635379874_n.jpg?_nc_ht=instagram.fsaw1-7.fna.fbcdn.net&_nc_cat=107&oh=824b046d3b70e93470715901a8f30f96&oe=5E896161
7,https://instagram.fsaw1-1.fna.fbcdn.net/v/t51.2885-15/e35/c0.56.450.450a/46660992_218596465685172_6395275438918510009_n.jpg?_nc_ht=instagram.fsaw1-1.fna.fbcdn.net&_nc_cat=100&oh=a633df2201a8a1ad73d5f66efa0d50d8&oe=5E6BCFBB
8,https://instagram.fsaw1-5.fna.fbcdn.net/v/t51.2885-15/sh0.08/e35/s640x640/53909930_267803064143499_6274308997489216835_n.jpg?_nc_ht=instagram.fsaw1-5.fna.fbcdn.net&_nc_cat=103&oh=5c252fa2cbcdbcb51d57d72dafe987fd&oe=5E72D126
9,https://instagram.fsaw1-6.fna.fbcdn.net/v/t51.2885-15/sh0.08/e35/s640x640/75259547_159647571808881_8906359283355821757_n.jpg?_nc_ht=instagram.fsaw1-6.fna.fbcdn.net&_nc_cat=109&oh=03224a7fd964be63429548d4dd108308&oe=5E7F2318
10,https://instagram.fsaw1-7.fna.fbcdn.net/v/t51.2885-15/sh0.08/e35/c180.0.720.720a/s640x640/36648336_789914091398779_4585673463099817984_n.jpg?_nc_ht=instagram.fsaw1-7.fna.fbcdn.net&_nc_cat=107&oh=e2759b5d765926de79473a296f36b7ce&oe=5E8410C4
11,https://instagram.fsaw1-6.fna.fbcdn.net/v/t51.2885-15/sh0.08/e35/c0.134.1080.1080a/s640x640/36642894_1064554727042265_1398065675083186176_n.jpg?_nc_ht=instagram.fsaw1-6.fna.fbcdn.net&_nc_cat=109&oh=e9a7fbd14b47894c645044c3d38630cf&oe=5E6B081A
12,https://instagram.fsaw1-4.fna.fbcdn.net/v/t51.2885-15/sh0.08/e35/s640x640/36869655_434564857060082_7051240984587272192_n.jpg?_nc_ht=instagram.fsaw1-4.fna.fbcdn.net&_nc_cat=102&oh=2fb70b458463ad6d8d3ba2436dfd45b0&oe=5E8C358E
13,https://instagram.fsaw1-4.fna.fbcdn.net/v/t51.2885-15/sh0.08/e35/c0.93.750.750a/s640x640/44570107_2196513470393807_2887386222446117009_n.jpg?_nc_ht=instagram.fsaw1-4.fna.fbcdn.net&_nc_cat=111&oh=ca09f76a778856298870bcbda61082ea&oe=5E6EE8DC
14,https://instagram.fsaw1-4.fna.fbcdn.net/v/t51.2885-15/sh0.08/e35/s640x640/36777803_2102623439997407_8319429468569468928_n.jpg?_nc_ht=instagram.fsaw1-4.fna.fbcdn.net&_nc_cat=111&oh=499c083a475682d3bf80657aeebdd404&oe=5E66E2B7
15,https://instagram.fsaw1-5.fna.fbcdn.net/v/t51.2885-15/e35/36700173_2026312307436351_2164395966491262976_n.jpg?_nc_ht=instagram.fsaw1-5.fna.fbcdn.net&_nc_cat=103&oh=72c97f69c2723e02b4b910f79482fc9f&oe=5E812E43
16,https://instagram.fsaw1-6.fna.fbcdn.net/v/t51.2885-15/e35/c0.76.607.607a/46245222_787086041639889_7961437864220253169_n.jpg?_nc_ht=instagram.fsaw1-6.fna.fbcdn.net&_nc_cat=109&oh=5395552e3242369a73bcde7a8d524a47&oe=5E6F5076
17,https://instagram.fsaw1-10.fna.fbcdn.net/v/t51.2885-15/e35/c0.75.600.600a/47584547_293229778063662_3518992206031673331_n.jpg?_nc_ht=instagram.fsaw1-10.fna.fbcdn.net&_nc_cat=106&oh=32537d1a6d23366a1fce1271a1da314f&oe=5E7A8466
18,https://instagram.fsaw1-4.fna.fbcdn.net/v/t51.2885-15/sh0.08/e35/c180.0.719.719a/s640x640/36600670_224867665012922_4275580960382124032_n.jpg?_nc_ht=instagram.fsaw1-4.fna.fbcdn.net&_nc_cat=102&oh=0243488615de320a67108ede40ac4dd1&oe=5E85555E
19,https://instagram.fsaw1-7.fna.fbcdn.net/v/t51.2885-15/e35/36530394_464537757304483_3449884183604756480_n.jpg?_nc_ht=instagram.fsaw1-7.fna.fbcdn.net&_nc_cat=107&oh=b1958c0db0ac36673423b50346bf2b88&oe=5DE5F3CA
20,https://instagram.fsaw1-4.fna.fbcdn.net/v/t51.2885-15/sh0.08/e35/s640x640/37165158_268882083886814_6474457486966390784_n.jpg?_nc_ht=instagram.fsaw1-4.fna.fbcdn.net&_nc_cat=102&oh=b5bda78be07da9bd8dc6c7925917c340&oe=5E7415BE
21,https://instagram.fsaw1-9.fna.fbcdn.net/v/t51.2885-15/sh0.08/e35/c0.83.667.667a/s640x640/45823861_102076724142034_4343161360090903787_n.jpg?_nc_ht=instagram.fsaw1-9.fna.fbcdn.net&_nc_cat=110&oh=5f8d11b5a863bb4f453666e6c323ba88&oe=5E6DA350
22,https://instagram.fsaw1-10.fna.fbcdn.net/v/t51.2885-15/sh0.08/e35/c0.133.1080.1080a/s640x640/36694444_213661722809670_6626292539454390272_n.jpg?_nc_ht=instagram.fsaw1-10.fna.fbcdn.net&_nc_cat=106&oh=8b9e2149bb8d8b045fd55f7b245d5a04&oe=5E81C132
23,https://instagram.fsaw1-9.fna.fbcdn.net/v/t51.2885-15/sh0.08/e35/s640x640/45341463_394772181062482_971571018642631963_n.jpg?_nc_ht=instagram.fsaw1-9.fna.fbcdn.net&_nc_cat=110&oh=563dd00f065b6d918b785b9355ccd431&oe=5E7A6E45
24,https://instagram.fsaw1-6.fna.fbcdn.net/v/t51.2885-15/sh0.08/e35/c0.99.798.798a/s640x640/45862422_278778156155848_3957438731037606669_n.jpg?_nc_ht=instagram.fsaw1-6.fna.fbcdn.net&_nc_cat=104&oh=8961aa8cd88a51a0fb81bc4aaafb3342&oe=5E66B6A4
25,https://instagram.fsaw1-10.fna.fbcdn.net/v/t51.2885-15/sh0.08/e35/c0.100.800.800a/s640x640/36556258_297603690976937_5163750561920581632_n.jpg?_nc_ht=instagram.fsaw1-10.fna.fbcdn.net&_nc_cat=105&oh=88024a582606aa9c9ba25c13513affbb&oe=5E670B79
26,https://instagram.fsaw1-4.fna.fbcdn.net/v/t51.2885-15/e35/c0.62.496.496a/49485953_2308374166116530_3802167389914730660_n.jpg?_nc_ht=instagram.fsaw1-4.fna.fbcdn.net&_nc_cat=102&oh=15a1e8ebfec17e58e8bede830e447f19&oe=5E7DE56A
27,https://instagram.fsaw1-1.fna.fbcdn.net/v/t51.2885-15/sh0.08/e35/s640x640/53005345_685943621821752_3253292721686670239_n.jpg?_nc_ht=instagram.fsaw1-1.fna.fbcdn.net&_nc_cat=100&oh=27469e9168bffabd265f815460e49ce3&oe=5E897289
28,https://instagram.fsaw1-5.fna.fbcdn.net/v/t51.2885-15/sh0.08/e35/s640x640/37012312_234990087334839_5588441296130801664_n.jpg?_nc_ht=instagram.fsaw1-5.fna.fbcdn.net&_nc_cat=103&oh=eeedd2e72384af91f993cf1cbfbfd7a3&oe=5E6E8C98
29,https://instagram.fsaw1-6.fna.fbcdn.net/v/t51.2885-15/sh0.08/e35/c4.0.800.800a/s640x640/47694858_310121549613993_9006320806001345540_n.jpg?_nc_ht=instagram.fsaw1-6.fna.fbcdn.net&_nc_cat=109&oh=4043d86b0971abe591e27fdc2af5854c&oe=5E6E99A5
30,https://instagram.fsaw1-10.fna.fbcdn.net/v/t51.2885-15/sh0.08/e35/c0.83.670.670a/s640x640/46840938_844035289271573_3112308050088587862_n.jpg?_nc_ht=instagram.fsaw1-10.fna.fbcdn.net&_nc_cat=105&oh=800f035a1ee795c042df65b3ad632230&oe=5E803396
31,https://instagram.fsaw1-5.fna.fbcdn.net/v/t51.2885-15/sh0.08/e35/s640x640/46367418_390549648355263_4663849883838029437_n.jpg?_nc_ht=instagram.fsaw1-5.fna.fbcdn.net&_nc_cat=103&oh=a2148e662353253439b42b060b61d168&oe=5E806E38
32,https://instagram.fsaw1-5.fna.fbcdn.net/v/t51.2885-15/e35/36892909_259884094598660_2237943437439533056_n.jpg?_nc_ht=instagram.fsaw1-5.fna.fbcdn.net&_nc_cat=108&oh=a0f260b8637c4cd51db3d817d6dca130&oe=5E7040C6
33,https://instagram.fsaw1-6.fna.fbcdn.net/v/t51.2885-15/e35/36963207_981564492027244_7466934724385046528_n.jpg?_nc_ht=instagram.fsaw1-6.fna.fbcdn.net&_nc_cat=104&oh=d88e9f0ac3bc8c9939da5d10e2259f94&oe=5DE6EA35
34,https://instagram.fsaw1-5.fna.fbcdn.net/v/t51.2885-15/e35/c162.0.415.415a/78855158_2510276815871917_3695947599727853164_n.jpg?_nc_ht=instagram.fsaw1-5.fna.fbcdn.net&_nc_cat=1&oh=5a1c8a7c3145f04981a180cf2005ffd1&oe=5E6A5142
35,https://instagram.fsaw1-7.fna.fbcdn.net/v/t51.2885-15/sh0.08/e35/c135.0.810.810a/s640x640/50119001_369027736983943_1983727955182421810_n.jpg?_nc_ht=instagram.fsaw1-7.fna.fbcdn.net&_nc_cat=107&oh=698fc95f2e02ab369df5b89e3e256cc2&oe=5E828527
36,https://instagram.fsaw1-6.fna.fbcdn.net/v/t51.2885-15/e35/c168.0.449.449a/36855493_834362760101541_8012477347154362368_n.jpg?_nc_ht=instagram.fsaw1-6.fna.fbcdn.net&_nc_cat=109&oh=a5666d45557fc8a041d4d68d7c30d2a1&oe=5E6E7753
37,https://instagram.fsaw1-1.fna.fbcdn.net/v/t51.2885-15/sh0.08/e35/c0.135.1080.1080a/s640x640/59717665_176272556700948_8978501132378070799_n.jpg?_nc_ht=instagram.fsaw1-1.fna.fbcdn.net&_nc_cat=100&oh=c5041490673340db41ff119524726ada&oe=5E677481
38,https://instagram.fsaw1-10.fna.fbcdn.net/v/t51.2885-15/e35/c142.0.315.315a/51279176_604449619976921_3633885633503281239_n.jpg?_nc_ht=instagram.fsaw1-10.fna.fbcdn.net&_nc_cat=105&oh=87519e0b4a6cf2f33a6d978874000754&oe=5E855BA5
39,https://instagram.fsaw1-10.fna.fbcdn.net/v/t51.2885-15/e35/c203.0.562.562a/36622539_218542908799446_1448181101544603648_n.jpg?_nc_ht=instagram.fsaw1-10.fna.fbcdn.net&_nc_cat=106&oh=0c573c5614a8f5e533ca56c2f67545a9&oe=5E7CBD67
40,https://instagram.fsaw1-9.fna.fbcdn.net/v/t51.2885-15/sh0.08/e35/c0.92.736.736a/s640x640/54512566_273460433559334_6492753954155764162_n.jpg?_nc_ht=instagram.fsaw1-9.fna.fbcdn.net&_nc_cat=110&oh=649499c98bb9d60c5bf73b2f4a7b18e4&oe=5E67A9ED
41,https://instagram.fsaw1-5.fna.fbcdn.net/v/t51.2885-15/e35/c148.0.592.592a/47692983_2092766047450683_6590843475401645419_n.jpg?_nc_ht=instagram.fsaw1-5.fna.fbcdn.net&_nc_cat=103&oh=b5e451f2cba5ab82b53824688ee5f543&oe=5E7442B6
42,https://instagram.fsaw1-10.fna.fbcdn.net/v/t51.2885-15/sh0.08/e35/c0.92.735.735a/s640x640/58763462_604353860063297_34158361118396162_n.jpg?_nc_ht=instagram.fsaw1-10.fna.fbcdn.net&_nc_cat=105&oh=101158a0eba82e9c34ff4550a3e5c92f&oe=5E67D0D1
43,https://instagram.fsaw1-4.fna.fbcdn.net/v/t51.2885-15/e35/c0.75.602.602a/45801266_374882176648295_3717792106246709513_n.jpg?_nc_ht=instagram.fsaw1-4.fna.fbcdn.net&_nc_cat=111&oh=9fbac9f122b5c23c97be205e94f9b820&oe=5E838C3E
44,https://instagram.fsaw1-4.fna.fbcdn.net/v/t51.2885-15/sh0.08/e35/c157.0.766.766a/s640x640/36581092_198434647505819_7959416109998800896_n.jpg?_nc_ht=instagram.fsaw1-4.fna.fbcdn.net&_nc_cat=111&oh=8a0f5e0f6878edd2d996bda64b138b6b&oe=5E6FD130
45,https://instagram.fsaw1-7.fna.fbcdn.net/v/t51.2885-15/sh0.08/e35/s640x640/36743244_1432779760201567_2985808633649954816_n.jpg?_nc_ht=instagram.fsaw1-7.fna.fbcdn.net&_nc_cat=107&oh=73c966c6f2b7a4ea7afda35df45a1bae&oe=5E7DE3C3
46,https://www.instagram.com/static/images/web/mobile_nav_type_logo.png/735145cfe0a4.png
47,https://instagram.fsaw1-9.fna.fbcdn.net/v/t51.2885-15/sh0.08/e35/c180.0.720.720a/s640x640/59641642_1546291452175066_9148161385679269925_n.jpg?_nc_ht=instagram.fsaw1-9.fna.fbcdn.net&_nc_cat=110&oh=fc7a22b28358f40be1c3c9b495b66e60&oe=5E749255
48,https://instagram.fsaw1-9.fna.fbcdn.net/v/t51.2885-15/e35/c110.0.398.398a/37102889_2054110424917330_1926644289429831680_n.jpg?_nc_ht=instagram.fsaw1-9.fna.fbcdn.net&_nc_cat=110&oh=5fe6d6e46a9df79430f6f7d28e7a9da9&oe=5E7F75ED
49,https://instagram.fsaw1-4.fna.fbcdn.net/v/t51.2885-15/sh0.08/e35/c0.135.1080.1080a/s640x640/36799636_412414995933422_2177763734372483072_n.jpg?_nc_ht=instagram.fsaw1-4.fna.fbcdn.net&_nc_cat=102&oh=41c343791cbbc655eb5b1319ee30338d&oe=5E78DF27
50,https://instagram.fsaw1-1.fna.fbcdn.net/v/t51.2885-15/sh0.08/e35/s640x640/45264462_1923014997808788_7769103962050760307_n.jpg?_nc_ht=instagram.fsaw1-1.fna.fbcdn.net&_nc_cat=100&oh=eb0239831326ab6602fa2b045c7869a5&oe=5E6ED9B0
51,https://instagram.fsaw1-5.fna.fbcdn.net/v/t51.2885-15/e35/36895410_2000655766652288_9010311667216547840_n.jpg?_nc_ht=instagram.fsaw1-5.fna.fbcdn.net&_nc_cat=108&oh=8f7434cd124d4ee7fdd7b9464adb89b0&oe=5E66D7EE
52,https://instagram.fsaw1-4.fna.fbcdn.net/v/t51.2885-15/e35/c162.0.415.415a/75443191_1296856580497358_8211623380599494864_n.jpg?_nc_ht=instagram.fsaw1-4.fna.fbcdn.net&_nc_cat=102&oh=6fa2a42a18c47262e27de9606799ee03&oe=5E88816D
53,https://instagram.fsaw1-5.fna.fbcdn.net/v/t51.2885-15/sh0.08/e35/s640x640/49913216_355390911919143_3114676221526896720_n.jpg?_nc_ht=instagram.fsaw1-5.fna.fbcdn.net&_nc_cat=103&oh=9f301324453b3b10e7a558ad0001cb61&oe=5E70250E
54,https://instagram.fsaw1-5.fna.fbcdn.net/v/t51.2885-15/sh0.08/e35/c0.127.1080.1080a/s640x640/46265209_219918275573511_5475846768951677910_n.jpg?_nc_ht=instagram.fsaw1-5.fna.fbcdn.net&_nc_cat=103&oh=0f78cfd62a9ed0fe97b1e349c809c9d5&oe=5E67FE6F
55,https://instagram.fsaw1-5.fna.fbcdn.net/v/t51.2885-15/sh0.08/e35/c5.0.1069.1069a/s640x640/36984233_254160332034195_8601144357858312192_n.jpg?_nc_ht=instagram.fsaw1-5.fna.fbcdn.net&_nc_cat=103&oh=54be72ce23d6bb8d718f93400bef1749&oe=5E8A4582
56,https://instagram.fsaw1-7.fna.fbcdn.net/v/t51.2885-15/sh0.08/e35/c4.0.1071.1071a/s640x640/36805159_1048383715320307_6451787545771507712_n.jpg?_nc_ht=instagram.fsaw1-7.fna.fbcdn.net&_nc_cat=107&oh=3d1e122a75e5ad39c83d263fd8edc158&oe=5E8A94CC
57,https://instagram.fsaw1-7.fna.fbcdn.net/v/t51.2885-15/e35/51895359_659193444498511_4402738515276259888_n.jpg?_nc_ht=instagram.fsaw1-7.fna.fbcdn.net&_nc_cat=107&oh=d70a834670a5c1893e3627903f4e7272&oe=5E899FD4
58,https://instagram.fsaw1-4.fna.fbcdn.net/v/t51.2885-15/e35/c236.0.607.607a/37007815_1968300479876546_2907264689807294464_n.jpg?_nc_ht=instagram.fsaw1-4.fna.fbcdn.net&_nc_cat=102&oh=01b0490ed85eb222cf1cb24fab415c8d&oe=5E8B85BA
59,https://instagram.fsaw1-6.fna.fbcdn.net/v/t51.2885-15/sh0.08/e35/s640x640/47584471_906395976236589_3341912022559503045_n.jpg?_nc_ht=instagram.fsaw1-6.fna.fbcdn.net&_nc_cat=109&oh=442c82fa1c5a076202832f32345938bc&oe=5E83237D
60,https://instagram.fsaw1-1.fna.fbcdn.net/v/t51.2885-15/e35/c134.0.296.296a/36976416_1807407242660700_4248394444463669248_n.jpg?_nc_ht=instagram.fsaw1-1.fna.fbcdn.net&_nc_cat=100&oh=4d705c643ae9c968e43cea8b6465a6ce&oe=5E88914D
61,https://instagram.fsaw1-10.fna.fbcdn.net/v/t51.2885-15/e15/36823787_247976885801262_7377362966678601728_n.jpg?_nc_ht=instagram.fsaw1-10.fna.fbcdn.net&_nc_cat=106&oh=52696f3b854a1124d775f5f1ce5e5017&oe=5DE5C1AC
62,https://instagram.fsaw1-9.fna.fbcdn.net/v/t51.2885-15/sh0.08/e35/s640x640/44391550_2116456368667957_739767420140654972_n.jpg?_nc_ht=instagram.fsaw1-9.fna.fbcdn.net&_nc_cat=101&oh=d02c6ee16e02ad760cb8ac3d5bf8c0b3&oe=5E88E0AB
63,https://instagram.fsaw1-5.fna.fbcdn.net/v/t51.2885-15/sh0.08/e35/c0.49.1080.1080a/s640x640/36573461_454392791697140_8335748428738854912_n.jpg?_nc_ht=instagram.fsaw1-5.fna.fbcdn.net&_nc_cat=108&oh=f0d471b4e937f628cb0027c1b4e00eba&oe=5E73F792
64,https://instagram.fsaw1-10.fna.fbcdn.net/v/t51.2885-15/e35/c0.54.436.436a/47583608_327574401303413_8260178049818981371_n.jpg?_nc_ht=instagram.fsaw1-10.fna.fbcdn.net&_nc_cat=105&oh=1d9636aeeb4214669676e43fa2c738b8&oe=5E81DC69
65,https://instagram.fsaw1-6.fna.fbcdn.net/v/t51.2885-15/sh0.08/e35/c180.0.720.720a/s640x640/47256812_269372880396693_5274588130525734878_n.jpg?_nc_ht=instagram.fsaw1-6.fna.fbcdn.net&_nc_cat=109&oh=f4853028eef0eb04fd71c44fd162ea88&oe=5E7B4F12
66,https://instagram.fsaw1-10.fna.fbcdn.net/v/t51.2885-15/sh0.08/e35/s640x640/36612338_230248870943154_7001860938131308544_n.jpg?_nc_ht=instagram.fsaw1-10.fna.fbcdn.net&_nc_cat=106&oh=8884e3638855c486b81f574525b507e6&oe=5E80CE96
67,https://instagram.fsaw1-4.fna.fbcdn.net/v/t51.2885-15/sh0.08/e35/s640x640/46672290_335080387224287_4028197515691814337_n.jpg?_nc_ht=instagram.fsaw1-4.fna.fbcdn.net&_nc_cat=111&oh=186ad3de93a92ac29f8ffb1a4dabcc6f&oe=5E899797
68,https://instagram.fsaw1-9.fna.fbcdn.net/v/t51.2885-15/sh0.08/e35/c108.0.864.864a/s640x640/36567728_193228991345761_8897302204256354304_n.jpg?_nc_ht=instagram.fsaw1-9.fna.fbcdn.net&_nc_cat=101&oh=2f7efe6e5df677af20de6c6f8437d829&oe=5E71DEE4
69,https://instagram.fsaw1-9.fna.fbcdn.net/v/t51.2885-15/e35/c96.0.576.576a/36642918_266560007434954_8344851246850506752_n.jpg?_nc_ht=instagram.fsaw1-9.fna.fbcdn.net&_nc_cat=110&oh=e0f26a7213726c861a9c7f53f4e925a3&oe=5E79390E
70,https://instagram.fsaw1-10.fna.fbcdn.net/v/t51.2885-15/sh0.08/e35/c5.0.789.789a/s640x640/54513946_631824133911773_8283515741008936671_n.jpg?_nc_ht=instagram.fsaw1-10.fna.fbcdn.net&_nc_cat=105&oh=6b2e0dd72ba13dbad358e331b2a5d20e&oe=5E88585C
71,https://instagram.fsaw1-10.fna.fbcdn.net/v/t51.2885-15/sh0.08/e35/s640x640/43602628_179686179644934_4762565104089199361_n.jpg?_nc_ht=instagram.fsaw1-10.fna.fbcdn.net&_nc_cat=106&oh=f3e45f1e96c7501fdc8878aab39af9a1&oe=5E843DB9
72,https://instagram.fsaw1-10.fna.fbcdn.net/v/t51.2885-15/sh0.08/e35/s640x640/46616791_339558880191449_4343944845572399260_n.jpg?_nc_ht=instagram.fsaw1-10.fna.fbcdn.net&_nc_cat=105&oh=b4b44630cb6e9f383580303e7f491280&oe=5E745475
73,https://instagram.fsaw1-9.fna.fbcdn.net/v/t51.2885-15/sh0.08/e35/s640x640/36791971_199521454051438_565523772702982144_n.jpg?_nc_ht=instagram.fsaw1-9.fna.fbcdn.net&_nc_cat=110&oh=2f4d3182cae4ec795a3b6dcbd1204e1e&oe=5E8B2B11
74,https://instagram.fsaw1-4.fna.fbcdn.net/v/t51.2885-15/sh0.08/e35/s640x640/36616899_744267275964686_2653467551798919168_n.jpg?_nc_ht=instagram.fsaw1-4.fna.fbcdn.net&_nc_cat=102&oh=f927cecd2012821eb49955c8dea0778e&oe=5E68E206
75,https://instagram.fsaw1-4.fna.fbcdn.net/v/t51.2885-15/sh0.08/e35/s640x640/36963808_214793759108870_5587867411190644736_n.jpg?_nc_ht=instagram.fsaw1-4.fna.fbcdn.net&_nc_cat=102&oh=002436ce61d747d5ba1e83e1501571a8&oe=5E805655
76,https://instagram.fsaw1-6.fna.fbcdn.net/v/t51.2885-15/sh0.08/e35/s640x640/36607458_652353041793609_6983322759770144768_n.jpg?_nc_ht=instagram.fsaw1-6.fna.fbcdn.net&_nc_cat=109&oh=fd0d80be9078b46bc3b5dfdd6ac19f98&oe=5E778CC2
77,https://instagram.fsaw1-4.fna.fbcdn.net/v/t51.2885-15/sh0.08/e35/s640x640/44389053_296414417642450_3011131804948632560_n.jpg?_nc_ht=instagram.fsaw1-4.fna.fbcdn.net&_nc_cat=102&oh=251f1af193f9ec67fe721123d8e3c965&oe=5E867F70
78,https://instagram.fsaw1-10.fna.fbcdn.net/v/t51.2885-15/sh0.08/e35/s640x640/36889187_1843605309280829_2829650168297553920_n.jpg?_nc_ht=instagram.fsaw1-10.fna.fbcdn.net&_nc_cat=105&oh=fb65387ecc126101f99037a900ffd6c9&oe=5E67F00F
79,https://instagram.fsaw1-6.fna.fbcdn.net/v/t51.2885-15/sh0.08/e35/c0.93.750.750a/s640x640/46646747_1072253986289145_7490054455013987280_n.jpg?_nc_ht=instagram.fsaw1-6.fna.fbcdn.net&_nc_cat=109&oh=e42899b7ea85988b68eaaac34b471911&oe=5E8C6ECD
80,https://instagram.fsaw1-5.fna.fbcdn.net/vp/0dfcbac083f2f70860583339cf5643b5/5E832550/t51.2885-19/s150x150/44329317_268583430479565_454483638147350528_n.jpg?_nc_ht=instagram.fsaw1-5.fna.fbcdn.net
81,https://instagram.fsaw1-6.fna.fbcdn.net/v/t51.2885-15/e35/c85.0.308.308a/46350186_129352414724044_1657018271603533124_n.jpg?_nc_ht=instagram.fsaw1-6.fna.fbcdn.net&_nc_cat=104&oh=6153224ec6fa6a96f24443c78e9e6be9&oe=5E8AF62C
82,https://instagram.fsaw1-4.fna.fbcdn.net/v/t51.2885-15/e35/46952435_1969078816522067_1284646889038686534_n.jpg?_nc_ht=instagram.fsaw1-4.fna.fbcdn.net&_nc_cat=111&oh=feda56b57908aedcaee51e33359d09dc&oe=5E71EC2F
83,https://instagram.fsaw1-9.fna.fbcdn.net/v/t51.2885-15/sh0.08/e35/c206.0.668.668a/s640x640/37292522_668510196828769_6959510537663152128_n.jpg?_nc_ht=instagram.fsaw1-9.fna.fbcdn.net&_nc_cat=101&oh=f415d50e520799079a096af8dcda4d11&oe=5E8B34D7
84,https://instagram.fsaw1-5.fna.fbcdn.net/v/t51.2885-15/sh0.08/e35/c0.92.736.736a/s640x640/71525547_985883095137692_6587429134375741278_n.jpg?_nc_ht=instagram.fsaw1-5.fna.fbcdn.net&_nc_cat=108&oh=b8264a19de26a6985c1bebbece3084df&oe=5E816E41
85,https://instagram.fsaw1-4.fna.fbcdn.net/v/t51.2885-15/sh0.08/e35/c216.0.648.648a/s640x640/36722303_2124071294475407_1498925745009852416_n.jpg?_nc_ht=instagram.fsaw1-4.fna.fbcdn.net&_nc_cat=111&oh=67837938406871be1f411bc994985ffe&oe=5E85904E
86,https://instagram.fsaw1-9.fna.fbcdn.net/v/t51.2885-15/sh0.08/e35/c9.0.1061.1061a/s640x640/47585788_534007960338157_2148403286434080357_n.jpg?_nc_ht=instagram.fsaw1-9.fna.fbcdn.net&_nc_cat=101&oh=2ab2d7bc2204997b6d1cf5fd3483303d&oe=5E7BC45C
87,https://instagram.fsaw1-5.fna.fbcdn.net/v/t51.2885-15/e35/c0.79.634.634a/49766696_2044376962350003_6702349482940725118_n.jpg?_nc_ht=instagram.fsaw1-5.fna.fbcdn.net&_nc_cat=103&oh=f9e2d2fcb5cd3d8cebcc7133f3ea91b6&oe=5E65D9B7
88,https://instagram.fsaw1-6.fna.fbcdn.net/v/t51.2885-15/e35/46979214_287844161922652_6670244403796092190_n.jpg?_nc_ht=instagram.fsaw1-6.fna.fbcdn.net&_nc_cat=104&oh=eb7c2c5565550e032d00b934b47f5d03&oe=5E67ED86
89,https://instagram.fsaw1-4.fna.fbcdn.net/v/t51.2885-15/e35/c0.56.449.449a/47238862_900438603680159_7526814787831947875_n.jpg?_nc_ht=instagram.fsaw1-4.fna.fbcdn.net&_nc_cat=111&oh=abea4831a3dcfa5f0941e8dabca88194&oe=5E689E0F
90,https://instagram.fsaw1-6.fna.fbcdn.net/v/t51.2885-15/sh0.08/e35/c0.92.736.736a/s640x640/49312116_303332353862829_7987088221109986887_n.jpg?_nc_ht=instagram.fsaw1-6.fna.fbcdn.net&_nc_cat=109&oh=f8f193c245be9181a4703d70e4a2444b&oe=5E85F33D
91,https://instagram.fsaw1-9.fna.fbcdn.net/v/t51.2885-15/sh0.08/e35/s640x640/50706437_314256695870890_8465424477287619108_n.jpg?_nc_ht=instagram.fsaw1-9.fna.fbcdn.net&_nc_cat=110&oh=96d6f1eb2b5594c6228b6c0667955a48&oe=5E859B10
92,https://instagram.fsaw1-10.fna.fbcdn.net/v/t51.2885-15/sh0.08/e35/c0.92.736.736a/s640x640/47689698_562632944198525_1541281857672054353_n.jpg?_nc_ht=instagram.fsaw1-10.fna.fbcdn.net&_nc_cat=105&oh=23f197f278cc41b632b3a270118f5fe8&oe=5E8A47A9
93,https://instagram.fsaw1-4.fna.fbcdn.net/v/t51.2885-15/sh0.08/e35/c0.135.1080.1080a/s640x640/52982026_301791713821691_5551567177509458999_n.jpg?_nc_ht=instagram.fsaw1-4.fna.fbcdn.net&_nc_cat=111&oh=5bb9099f9e4e77a6dac34197e68461df&oe=5E89702D
94,https://instagram.fsaw1-5.fna.fbcdn.net/v/t51.2885-15/sh0.08/e35/c0.102.816.816a/s640x640/50569365_228342291292011_3087412594327160716_n.jpg?_nc_ht=instagram.fsaw1-5.fna.fbcdn.net&_nc_cat=103&oh=7f3d5497675b36aa6b3028455efe2d42&oe=5E6798F3
95,https://instagram.fsaw1-7.fna.fbcdn.net/v/t51.2885-15/sh0.08/e35/c178.0.712.712a/s640x640/36965575_1807204285993159_3780533160010317824_n.jpg?_nc_ht=instagram.fsaw1-7.fna.fbcdn.net&_nc_cat=107&oh=99915fcbd8817a8f42e3c5cf2d78a6e4&oe=5E76AD49
96,https://instagram.fsaw1-10.fna.fbcdn.net/v/t51.2885-15/sh0.08/e35/c7.0.722.722a/s640x640/73533252_430063654347750_4095550404404066893_n.jpg?_nc_ht=instagram.fsaw1-10.fna.fbcdn.net&_nc_cat=106&oh=01597907d0cecbacf6515cfa059e0af9&oe=5E678256
97,https://instagram.fsaw1-6.fna.fbcdn.net/v/t51.2885-15/e35/45308229_2245661255677569_7444610019990844621_n.jpg?_nc_ht=instagram.fsaw1-6.fna.fbcdn.net&_nc_cat=109&oh=0f00479732269934182a2fb3c7aec4a9&oe=5DE6265C
98,https://instagram.fsaw1-5.fna.fbcdn.net/v/t51.2885-15/e35/c0.70.564.564a/47581866_504898239919040_7712641104005274915_n.jpg?_nc_ht=instagram.fsaw1-5.fna.fbcdn.net&_nc_cat=108&oh=b771647803b8ee01f3c46913361ff5ba&oe=5E6664F2
99,https://instagram.fsaw1-6.fna.fbcdn.net/v/t51.2885-15/e35/50771371_1217653738410477_8316163729010914440_n.jpg?_nc_ht=instagram.fsaw1-6.fna.fbcdn.net&_nc_cat=109&oh=9d7e9f817aafa581f0adb224ddd363c2&oe=5E6A5249
100,https://instagram.fsaw1-5.fna.fbcdn.net/v/t51.2885-15/sh0.08/e35/s640x640/37910094_533764893724724_3499983203291103232_n.jpg?_nc_ht=instagram.fsaw1-5.fna.fbcdn.net&_nc_cat=108&oh=54f22e6a26e81e9ea8f1bd705a306853&oe=5E73978E
101,https://instagram.fsaw1-6.fna.fbcdn.net/v/t51.2885-15/e35/c133.0.533.533a/47691515_490744901448705_4787453585607326313_n.jpg?_nc_ht=instagram.fsaw1-6.fna.fbcdn.net&_nc_cat=109&oh=da7f43a77157e8889b649469c2b2c8f4&oe=5E7FCB56
102,https://instagram.fsaw1-5.fna.fbcdn.net/v/t51.2885-15/sh0.08/e35/c0.87.700.700a/s640x640/47583080_271659776839676_3915398438218835524_n.jpg?_nc_ht=instagram.fsaw1-5.fna.fbcdn.net&_nc_cat=108&oh=c4998e52362a69e189195e08f916280b&oe=5E6652D3
103,https://instagram.fsaw1-10.fna.fbcdn.net/v/t51.2885-15/sh0.08/e35/s640x640/46268109_734671046925653_4752962827020772959_n.jpg?_nc_ht=instagram.fsaw1-10.fna.fbcdn.net&_nc_cat=105&oh=1a7ebeee7463f4b0fb687daa192b7131&oe=5E876D8B
104,https://instagram.fsaw1-7.fna.fbcdn.net/v/t51.2885-15/sh0.08/e35/s640x640/44898237_339096896875363_7528780078292269073_n.jpg?_nc_ht=instagram.fsaw1-7.fna.fbcdn.net&_nc_cat=107&oh=9935a77a6860b7880f202234bc4806e0&oe=5E6A8CEF
105,https://instagram.fsaw1-9.fna.fbcdn.net/v/t51.2885-15/sh0.08/e35/c6.0.1068.1068a/s640x640/36988921_1862098577182777_2148329455909601280_n.jpg?_nc_ht=instagram.fsaw1-9.fna.fbcdn.net&_nc_cat=101&oh=5927cd4b118bdd0250fe21a3faae0f4b&oe=5E709B0C
106,https://instagram.fsaw1-10.fna.fbcdn.net/v/t51.2885-15/e35/37209332_636236543412510_9074624206859141120_n.jpg?_nc_ht=instagram.fsaw1-10.fna.fbcdn.net&_nc_cat=106&oh=8b83e8929ba9a2105d00e82aab8f5d2b&oe=5E6CA5CC
107,https://instagram.fsaw1-1.fna.fbcdn.net/v/t51.2885-15/e35/36722301_1720510981332024_7916543901068951552_n.jpg?_nc_ht=instagram.fsaw1-1.fna.fbcdn.net&_nc_cat=100&oh=c36d130666af4fe1fa0efb0f0ac845fd&oe=5DE5DDDA
108,https://instagram.fsaw1-1.fna.fbcdn.net/v/t51.2885-15/sh0.08/e35/c146.0.788.788a/s640x640/36880646_217749242403312_2551381766925451264_n.jpg?_nc_ht=instagram.fsaw1-1.fna.fbcdn.net&_nc_cat=100&oh=1dd7cc93382c61107017581bcb09afe5&oe=5E823486
109,https://instagram.fsaw1-4.fna.fbcdn.net/v/t51.2885-15/sh0.08/e35/s640x640/72650470_177949440047738_1139886929756600594_n.jpg?_nc_ht=instagram.fsaw1-4.fna.fbcdn.net&_nc_cat=102&oh=b27d309205f4d6abda9c1bbd032cd8f6&oe=5E73FC17
110,https://instagram.fsaw1-10.fna.fbcdn.net/v/t51.2885-15/sh0.08/e35/s640x640/36976449_1109266992556686_8767172473373327360_n.jpg?_nc_ht=instagram.fsaw1-10.fna.fbcdn.net&_nc_cat=106&oh=459934bd4bf644771fdece7c1db30787&oe=5E709A7D
111,https://instagram.fsaw1-7.fna.fbcdn.net/v/t51.2885-15/sh0.08/e35/c0.134.1080.1080a/s640x640/36637537_269512573603939_2116877676688965632_n.jpg?_nc_ht=instagram.fsaw1-7.fna.fbcdn.net&_nc_cat=107&oh=b5f488167e0852eb203162ceb430ae04&oe=5E7A8EEC
112,https://instagram.fsaw1-6.fna.fbcdn.net/v/t51.2885-15/sh0.08/e35/s640x640/37001136_239103900058341_2103106246306430976_n.jpg?_nc_ht=instagram.fsaw1-6.fna.fbcdn.net&_nc_cat=109&oh=01320c8ca65b71af6d5ddcb0ead4cb8a&oe=5E728247
113,https://instagram.fsaw1-6.fna.fbcdn.net/v/t51.2885-15/e15/36890732_227118541243876_4235972634539458560_n.jpg?_nc_ht=instagram.fsaw1-6.fna.fbcdn.net&_nc_cat=104&oh=1e2e373eec95d1b7ffe888ba07b2db9b&oe=5DE61F82
114,https://instagram.fsaw1-5.fna.fbcdn.net/v/t51.2885-15/sh0.08/e35/s640x640/36630390_879707712220892_3603753422798454784_n.jpg?_nc_ht=instagram.fsaw1-5.fna.fbcdn.net&_nc_cat=108&oh=86e3a6296bda5355cd85a68c8a4b204b&oe=5E70549A
115,https://instagram.fsaw1-9.fna.fbcdn.net/v/t51.2885-15/sh0.08/e35/s640x640/47584476_314231289223438_1610125215124370020_n.jpg?_nc_ht=instagram.fsaw1-9.fna.fbcdn.net&_nc_cat=110&oh=38c28edd4a37c24e6ed144a4a1aadd77&oe=5E6A4235
116,https://instagram.fsaw1-10.fna.fbcdn.net/v/t51.2885-15/e35/c0.79.634.634a/46943496_2102594560051337_3257625808151520696_n.jpg?_nc_ht=instagram.fsaw1-10.fna.fbcdn.net&_nc_cat=105&oh=d7ea378daa71cf757c281a51f0e088f9&oe=5E6DA9B5
117,https://instagram.fsaw1-4.fna.fbcdn.net/v/t51.2885-15/sh0.08/e35/c0.97.1080.1080a/s640x640/36806394_254569158471002_6895248983577329664_n.jpg?_nc_ht=instagram.fsaw1-4.fna.fbcdn.net&_nc_cat=102&oh=ad5b305556d1acceb48ab2a8b94a4381&oe=5E6E1128
118,https://instagram.fsaw1-1.fna.fbcdn.net/v/t51.2885-15/sh0.08/e35/c180.0.720.720a/s640x640/52361028_408868053203700_5451503235570385343_n.jpg?_nc_ht=instagram.fsaw1-1.fna.fbcdn.net&_nc_cat=100&oh=73125e83a4e19165dfef2d817c987903&oe=5E72D6A5
119,https://instagram.fsaw1-6.fna.fbcdn.net/v/t51.2885-15/sh0.08/e35/s640x640/36642252_2243945539159672_7985815263922618368_n.jpg?_nc_ht=instagram.fsaw1-6.fna.fbcdn.net&_nc_cat=104&oh=7056d43be8e4b8db029676ca6eae373a&oe=5E7D629D
120,https://instagram.fsaw1-10.fna.fbcdn.net/v/t51.2885-15/sh0.08/e35/c0.132.1080.1080a/s640x640/36608561_2257239664291950_6921675212974981120_n.jpg?_nc_ht=instagram.fsaw1-10.fna.fbcdn.net&_nc_cat=106&oh=1cb03797d215c8e6b760527f0a416b9e&oe=5E79DD58
121,https://instagram.fsaw1-9.fna.fbcdn.net/v/t51.2885-15/sh0.08/e35/c0.92.736.736a/s640x640/49907439_942267856162729_2497655216452596301_n.jpg?_nc_ht=instagram.fsaw1-9.fna.fbcdn.net&_nc_cat=101&oh=1b9208e1f668f97d998cd7498860a3fa&oe=5E83EDF0
122,https://instagram.fsaw1-10.fna.fbcdn.net/v/t51.2885-15/sh0.08/e35/c180.0.719.719a/s640x640/51119600_2190532351199837_9149333686117955415_n.jpg?_nc_ht=instagram.fsaw1-10.fna.fbcdn.net&_nc_cat=105&oh=e66d01a6e4ae5b550807636642ecd575&oe=5E89D39A
123,https://instagram.fsaw1-7.fna.fbcdn.net/v/t51.2885-15/sh0.08/e35/c91.0.898.898a/s640x640/47586169_1907871429266707_2119512262008236570_n.jpg?_nc_ht=instagram.fsaw1-7.fna.fbcdn.net&_nc_cat=107&oh=b1763dfe7f63a1d46024f2c5e525a9d3&oe=5E6B4BC0
124,https://instagram.fsaw1-10.fna.fbcdn.net/v/t51.2885-15/sh0.08/e35/c0.135.1080.1080a/s640x640/44734732_340007483477225_2213034735152114121_n.jpg?_nc_ht=instagram.fsaw1-10.fna.fbcdn.net&_nc_cat=105&oh=2f353469032c25c8df331343e3a1be4f&oe=5E73DCAD
125,https://instagram.fsaw1-10.fna.fbcdn.net/v/t51.2885-15/sh0.08/e35/s640x640/46203163_284109682287150_616273969528396768_n.jpg?_nc_ht=instagram.fsaw1-10.fna.fbcdn.net&_nc_cat=106&oh=8a738aab2c6b4e0c17644b36bf82710f&oe=5E7663F3
126,https://instagram.fsaw1-5.fna.fbcdn.net/v/t51.2885-15/sh0.08/e35/s640x640/45574720_507991866350727_1051497841871588436_n.jpg?_nc_ht=instagram.fsaw1-5.fna.fbcdn.net&_nc_cat=103&oh=1cbd3aaea299ba659e7f9ec7c7b33183&oe=5E8C1EC6
127,https://instagram.fsaw1-7.fna.fbcdn.net/v/t51.2885-15/e35/c76.0.462.462a/47586256_758973037791451_8876947450583127390_n.jpg?_nc_ht=instagram.fsaw1-7.fna.fbcdn.net&_nc_cat=107&oh=dd06ad62076afc1cdf9a6776ac83eebc&oe=5E75DC4D
128,https://instagram.fsaw1-4.fna.fbcdn.net/v/t51.2885-15/e35/37066875_2052571168336886_2839935305006448640_n.jpg?_nc_ht=instagram.fsaw1-4.fna.fbcdn.net&_nc_cat=102&oh=f9e5584475da1d6c792eafb6e79f2c4a&oe=5E6ADAE5
129,https://instagram.fsaw1-6.fna.fbcdn.net/v/t51.2885-15/sh0.08/e35/s640x640/37042918_206845960029297_6272054004931362816_n.jpg?_nc_ht=instagram.fsaw1-6.fna.fbcdn.net&_nc_cat=109&oh=cdd1397b10203e9e96f3e4b3ba54f888&oe=5E7EA484
130,https://instagram.fsaw1-9.fna.fbcdn.net/v/t51.2885-15/sh0.08/e35/c98.0.787.787a/s640x640/36602340_2024981477817721_4671510772512194560_n.jpg?_nc_ht=instagram.fsaw1-9.fna.fbcdn.net&_nc_cat=101&oh=8a91b3c6ffaacc3834f8ca74fee06407&oe=5E6B3F61
131,https://instagram.fsaw1-7.fna.fbcdn.net/v/t51.2885-15/e35/46404088_169361840688691_1499323999534535368_n.jpg?_nc_ht=instagram.fsaw1-7.fna.fbcdn.net&_nc_cat=107&oh=b4752065c65e99f52ac947d95f5d0fd5&oe=5E80E3E3
132,https://instagram.fsaw1-9.fna.fbcdn.net/v/t51.2885-15/sh0.08/e35/s640x640/46268751_199110331006285_5259289496268948481_n.jpg?_nc_ht=instagram.fsaw1-9.fna.fbcdn.net&_nc_cat=101&oh=acf5d58bf553ebcd6b1e3d6cc39739c5&oe=5E77EBF3
133,https://instagram.fsaw1-1.fna.fbcdn.net/v/t51.2885-15/e35/c0.56.452.452a/47585183_484914198702444_960808561110664042_n.jpg?_nc_ht=instagram.fsaw1-1.fna.fbcdn.net&_nc_cat=100&oh=b8a741dad4445700b95aebd1832168f4&oe=5E7648BF
134,https://instagram.fsaw1-6.fna.fbcdn.net/v/t51.2885-15/e35/c118.0.500.500a/47692727_384884152265685_683143327115480758_n.jpg?_nc_ht=instagram.fsaw1-6.fna.fbcdn.net&_nc_cat=109&oh=059b571900773eac042d0a782d9e9e99&oe=5E8B5DA5
135,https://instagram.fsaw1-9.fna.fbcdn.net/v/t51.2885-15/e35/c48.0.640.640a/47584800_2069567476667893_8027440016621803435_n.jpg?_nc_ht=instagram.fsaw1-9.fna.fbcdn.net&_nc_cat=101&oh=bdc93d3fa0dc7ce641604f7bb4a12ef6&oe=5E6EA471
136,https://instagram.fsaw1-9.fna.fbcdn.net/v/t51.2885-15/sh0.08/e35/c135.0.810.810a/s640x640/36600060_1841159789277922_9033651498755555328_n.jpg?_nc_ht=instagram.fsaw1-9.fna.fbcdn.net&_nc_cat=110&oh=175b8db6ca081f7936ce2a8e8f089107&oe=5E6C8B66
137,https://instagram.fsaw1-10.fna.fbcdn.net/v/t51.2885-15/sh0.08/e35/s640x640/36672955_200182460675933_8212721646050476032_n.jpg?_nc_ht=instagram.fsaw1-10.fna.fbcdn.net&_nc_cat=105&oh=168eccbd5b5c1472a241fa0eee11de39&oe=5E76B6CF
138,https://instagram.fsaw1-10.fna.fbcdn.net/v/t51.2885-15/sh0.08/e35/s640x640/46219294_271572447037746_404773535454298765_n.jpg?_nc_ht=instagram.fsaw1-10.fna.fbcdn.net&_nc_cat=106&oh=ca5550563b0a2ded6e2bd75785b49dab&oe=5E8907FE
139,https://instagram.fsaw1-7.fna.fbcdn.net/v/t51.2885-15/e35/37112514_225215444777023_5420391612524003328_n.jpg?_nc_ht=instagram.fsaw1-7.fna.fbcdn.net&_nc_cat=107&oh=19263c36ef112d494a1dab16ab621e10&oe=5DE61D6F
140,https://instagram.fsaw1-4.fna.fbcdn.net/v/t51.2885-15/sh0.08/e35/c178.0.712.712a/s640x640/36561247_2106732256279418_5757742335639158784_n.jpg?_nc_ht=instagram.fsaw1-4.fna.fbcdn.net&_nc_cat=102&oh=575564ef4e4d3d554a54006cb0264381&oe=5E741CEE
141,https://instagram.fsaw1-4.fna.fbcdn.net/v/t51.2885-15/sh0.08/e35/s640x640/36696813_331275350743046_4472913331581091840_n.jpg?_nc_ht=instagram.fsaw1-4.fna.fbcdn.net&_nc_cat=102&oh=7134400d9cba667d79126888eb3d4ff8&oe=5E7A1F57
142,https://instagram.fsaw1-9.fna.fbcdn.net/v/t51.2885-15/e35/c236.0.607.607a/36608591_248303465964946_1073954875852718080_n.jpg?_nc_ht=instagram.fsaw1-9.fna.fbcdn.net&_nc_cat=110&oh=c01e4a621a99d6753413a29bffe09f31&oe=5E669094
143,https://instagram.fsaw1-7.fna.fbcdn.net/v/t51.2885-15/e35/36546404_495555050884639_4171928839590510592_n.jpg?_nc_ht=instagram.fsaw1-7.fna.fbcdn.net&_nc_cat=107&oh=40927e10c0f8f30c6521747ceb717d69&oe=5DE5E41A
